Workbook

Sheet 안내
A1: 공대 일정 봇 입력 양식
A3: [공대원] 한 줄에 한 명. 이름은 디스코드 서버에서 보이는 이름(별명)과 똑같이.
A4: · 대표캐릭터를 적으면 공식 API로 원정대 캐릭터와 아이템 레벨을 자동으로 가져와요.
A5: · 요일 칸 = 가능한 시간: 21-02 (21시~익일 2시), 20:30~24, 21~ (끝 생략 시 익일 02:00까지). 빈 칸 = 불가.
A6: 요일 칸을 전부 비우면 그 사람의 기존 가능 시간은 그대로 둬요.
A8: [레이드 숙제] 공대원별 캐릭터와 숙제 구간. 공대원 이름은 묶음의 첫 줄에만 적어도 돼요.
A9: · 숙제 구간은 드롭다운에서 선택 ('자동' = 아이템 레벨에 맞는 기본 구간).
A10: · 직업/아이템레벨을 비우면 API로 조회해요. 오른쪽 회색 칸(레이드·클골·더보기)은 자동 계산이에요.
A11: · 아래로 1000줄까지 계산 칸이 미리 깔려 있어 공대원이 많아도 그대로 이어서 적으면 돼요.
A12: · 더보기 비용은 귀속 골드가 있는 레이드는 귀속에서, 없는 레이드는 거래 가능 골드에서 빠져요.
A13: · 실제 골드는 원정대(공대원)별 아이템 레벨 상위 6캐릭만 받아요.
A15: [일정] 한 줄 = 언제 몇 시에 어떤 캐릭터들이 같이 가는지. 같은 파티 번호 = 같이 도는 고정 파티.
... A23: 올린 뒤 미리보기를 확인하고 [적용]을 눌러야 반영돼요.

Sheet 공대원
A1: 공대원 | B1: 대표캐릭터 | C1: 월 | D1: 화 | E1: 수 | F1: 목 | G1: 금 | H1: 토 | I1: 일
A2: 로디코 | B2: 로워붕 | E2: 21-02 | F2: 20-24 | G2: 21~ | H2: 14-20

Sheet 레이드 숙제
A1: 공대원 | B1: 캐릭터 | C1: 직업 | D1: 아이템레벨 | E1: 숙제 구간 | F1: 적용 구간 | G1: 레이드1 | H1: 레이드2 | I1: 레이드3 | J1: 골드X | K1: 클골 | L1: 더보기 비용 | M1: 더보기 후
A2: 로디코 | B2: 로워붕 | C2: 워로드 | D2: 1780 | E2: 자동 | F2: =IF($B2="","",IF(OR($E2="자동",$E2=""),IF($D2="","",IFERROR(LOOKUP(VALUE($D2),'계산용'!$I$2:$I$40,'계산용'!$J$2:$J$40),"")),$E2)) | G2: =IF($F2="","",IFERROR(VLOOKUP($F2,'계산용'!$A:$F,3,FALSE)&"","")) | H2: =IF($F2="","",IFERROR(VLOOKUP($F2,'계산용'!$A:$F,4,FALSE)&"","")) | I2: =IF($F2="","",IFERROR(VLOOKUP($F2,'계산용'!$A:$F,5,FALSE)&"","")) | J2: =IF($F2="","",IFERROR(VLOOKUP($F2,'계산용'!$A:$F,6,FALSE)&"","")) | K2: =IF($F2="","",IFERROR(VLOOKUP(G2,'계산용'!$N:$S,4,FALSE),0)+IFERROR(VLOOKUP(H2,'계산용'!$N:$S,4,FALSE),0)+IFERROR(VLOOKUP(I2,'계산용'!$N:$S,4,FALSE),0)) | L2: =IF($F2="","",IFERROR(VLOOKUP(G2,'계산용'!$N:$S,6,FALSE),0)+IFERROR(VLOOKUP(H2,'계산용'!$N:$S,6,FALSE),0)+IFERROR(VLOOKUP(I2,'계산용'!$N:$S,6,FALSE),0)) | M2: =IF($F2="","",K2-L2)
B3: 로소서 | C3: 소서리스 | D3: 1752 | E3: 자동 | F3: =IF($B3="","",IF(OR($E3="자동",$E3=""),IF($D3="","",IFERROR(LOOKUP(VALUE($D3),'계산용'!$I$2:$I$40,'계산용'!$J$2:$J$40),"")),$E3)) | G3: =IF($F3="","",IFERROR(VLOOKUP($F3,'계산용'!$A:$F,3,FALSE)&"","")) | H3: =IF($F3="","",IFERROR(VLOOKUP($F3,'계산용'!$A:$F,4,FALSE)&"","")) | I3: =IF($F3="","",IFERROR(VLOOKUP($F3,'계산용'!$A:$F,5,FALSE)&"","")) | J3: =IF($F3="","",IFERROR(VLOOKUP($F3,'계산용'!$A:$F,6,FALSE)&"","")) | K3: =IF($F3="","",IFERROR(VLOOKUP(G3,'계산용'!$N:$S,4,FALSE),0)+IFERROR(VLOOKUP(H3,'계산용'!$N:$S,4,FALSE),0)+IFERROR(VLOOKUP(I3,'계산용'!$N:$S,4,FALSE),0)) | L3: =IF($F3="","",IFERROR(VLOOKUP(G3,'계산용'!$N:$S,6,FALSE),0)+IFERROR(VLOOKUP(H3,'계산용'!$N:$S,6,FALSE),0)+IFERROR(VLOOKUP(I3,'계산용'!$N:$S,6,FALSE),0)) | M3: =IF($F3="","",K3-L3)
B4: 로권왕 | C4: 브레이커 | D4: 1735 | E4: 자동 | F4: =IF($B4="","",IF(OR($E4="자동",$E4=""),IF($D4="","",IFERROR(LOOKUP(VALUE($D4),'계산용'!$I$2:$I$40,'계산용'!$J$2:$J$40),"")),$E4)) | G4: =IF($F4="","",IFERROR(VLOOKUP($F4,'계산용'!$A:$F,3,FALSE)&"","")) | H4: =IF($F4="","",IFERROR(VLOOKUP($F4,'계산용'!$A:$F,4,FALSE)&"","")) | I4: =IF($F4="","",IFERROR(VLOOKUP($F4,'계산용'!$A:$F,5,FALSE)&"","")) | J4: =IF($F4="","",IFERROR(VLOOKUP($F4,'계산용'!$A:$F,6,FALSE)&"","")) | K4: =IF($F4="","",IFERROR(VLOOKUP(G4,'계산용'!$N:$S,4,FALSE),0)+IFERROR(VLOOKUP(H4,'계산용'!$N:$S,4,FALSE),0)+IFERROR(VLOOKUP(I4,'계산용'!$N:$S,4,FALSE),0)) | L4: =IF($F4="","",IFERROR(VLOOKUP(G4,'계산용'!$N:$S,6,FALSE),0)+IFERROR(VLOOKUP(H4,'계산용'!$N:$S,6,FALSE),0)+IFERROR(VLOOKUP(I4,'계산용'!$N:$S,6,FALSE),0)) | M4: =IF($F4="","",K4-L4)
F5: =IF($B5="","",IF(OR($E5="자동",$E5=""),IF($D5="","",IFERROR(LOOKUP(VALUE($D5),'계산용'!$I$2:$I$40,'계산용'!$J$2:$J$40),"")),$E5)) | G5: =IF($F5="","",IFERROR(VLOOKUP($F5,'계산용'!$A:$F,3,FALSE)&"","")) | H5: =IF($F5="","",IFERROR(VLOOKUP($F5,'계산용'!$A:$F,4,FALSE)&"","")) | I5: =IF($F5="","",IFERROR(VLOOKUP($F5,'계산용'!$A:$F,5,FALSE)&"","")) | J5: =IF($F5="","",IFERROR(VLOOKUP($F5,'계산용'!$A:$F,6,FALSE)&"","")) | K5: =IF($F5="","",IFERROR(VLOOKUP(G5,'계산용'!$N:$S,4,FALSE),0)+IFERROR(VLOOKUP(H5,'계산용'!$N:$S,4,FALSE),0)+IFERROR(VLOOKUP(I5,'계산용'!$N:$S,4,FALSE),0)) | L5: =IF($F5="","",IFERROR(VLOOKUP(G5,'계산용'!$N:$S,6,FALSE),0)+IFERROR(VLOOKUP(H5,'계산용'!$N:$S,6,FALSE),0)+IFERROR(VLOOKUP(I5,'계산용'!$N:$S,6,FALSE),0)) | M5: =IF($F5="","",K5-L5)
F6: =IF($B6="","",IF(OR($E6="자동",$E6=""),IF($D6="","",IFERROR(LOOKUP(VALUE($D6),'계산용'!$I$2:$I$40,'계산용'!$J$2:$J$40),"")),$E6)) | G6: =IF($F6="","",IFERROR(VLOOKUP($F6,'계산용'!$A:$F,3,FALSE)&"","")) | H6: =IF($F6="","",IFERROR(VLOOKUP($F6,'계산용'!$A:$F,4,FALSE)&"","")) | I6: =IF($F6="","",IFERROR(VLOOKUP($F6,'계산용'!$A:$F,5,FALSE)&"","")) | J6: =IF($F6="","",IFERROR(VLOOKUP($F6,'계산용'!$A:$F,6,FALSE)&"","")) | K6: =IF($F6="","",IFERROR(VLOOKUP(G6,'계산용'!$N:$S,4,FALSE),0)+IFERROR(VLOOKUP(H6,'계산용'!$N:$S,4,FALSE),0)+IFERROR(VLOOKUP(I6,'계산용'!$N:$S,4,FALSE),0)) | L6: =IF($F6="","",IFERROR(VLOOKUP(G6,'계산용'!$N:$S,6,FALSE),0)+IFERROR(VLOOKUP(H6,'계산용'!$N:$S,6,FALSE),0)+IFERROR(VLOOKUP(I6,'계산용'!$N:$S,6,FALSE),0)) | M6: =IF($F6="","",K6-L6)
F7: =IF($B7="","",IF(OR($E7="자동",$E7=""),IF($D7="","",IFERROR(LOOKUP(VALUE($D7),'계산용'!$I$2:$I$40,'계산용'!$J$2:$J$40),"")),$E7)) | G7: =IF($F7="","",IFERROR(VLOOKUP($F7,'계산용'!$A:$F,3,FALSE)&"","")) | H7: =IF($F7="","",IFERROR(VLOOKUP($F7,'계산용'!$A:$F,4,FALSE)&"","")) | I7: =IF($F7="","",IFERROR(VLOOKUP($F7,'계산용'!$A:$F,5,FALSE)&"","")) | J7: =IF($F7="","",IFERROR(VLOOKUP($F7,'계산용'!$A:$F,6,FALSE)&"","")) | K7: =IF($F7="","",IFERROR(VLOOKUP(G7,'계산용'!$N:$S,4,FALSE),0)+IFERROR(VLOOKUP(H7,'계산용'!$N:$S,4,FALSE),0)+IFERROR(VLOOKUP(I7,'계산용'!$N:$S,4,FALSE),0)) | L7: =IF($F7="","",IFERROR(VLOOKUP(G7,'계산용'!$N:$S,6,FALSE),0)+IFERROR(VLOOKUP(H7,'계산용'!$N:$S,6,FALSE),0)+IFERROR(VLOOKUP(I7,'계산용'!$N:$S,6,FALSE),0)) | M7: =IF($F7="","",K7-L7)
F8: =IF($B8="","",IF(OR($E8="자동",$E8=""),IF($D8="","",IFERROR(LOOKUP(VALUE($D8),'계산용'!$I$2:$I$40,'계산용'!$J$2:$J$40),"")),$E8)) | G8: =IF($F8="","",IFERROR(VLOOKUP($F8,'계산용'!$A:$F,3,FALSE)&"","")) | H8: =IF($F8="","",IFERROR(VLOOKUP($F8,'계산용'!$A:$F,4,FALSE)&"","")) | I8: =IF($F8="","",IFERROR(VLOOKUP($F8,'계산용'!$A:$F,5,FALSE)&"","")) | J8: =IF($F8="","",IFERROR(VLOOKUP($F8,'계산용'!$A:$F,6,FALSE)&"","")) | K8: =IF($F8="","",IFERROR(VLOOKUP(G8,'계산용'!$N:$S,4,FALSE),0)+IFERROR(VLOOKUP(H8,'계산용'!$N:$S,4,FALSE),0)+IFERROR(VLOOKUP(I8,'계산용'!$N:$S,4,FALSE),0)) | L8: =IF($F8="","",IFERROR(VLOOKUP(G8,'계산용'!$N:$S,6,FALSE),0)+IFERROR(VLOOKUP(H8,'계산용'!$N:$S,6,FALSE),0)+IFERROR(VLOOKUP(I8,'계산용'!$N:$S,6,FALSE),0)) | M8: =IF($F8="","",K8-L8)
F9: =IF($B9="","",IF(OR($E9="자동",$E9=""),IF($D9="","",IFERROR(LOOKUP(VALUE($D9),'계산용'!$I$2:$I$40,'계산용'!$J$2:$J$40),"")),$E9)) | G9: =IF($F9="","",IFERROR(VLOOKUP($F9,'계산용'!$A:$F,3,FALSE)&"","")) | H9: =IF($F9="","",IFERROR(VLOOKUP($F9,'계산용'!$A:$F,4,FALSE)&"","")) | I9: =IF($F9="","",IFERROR(VLOOKUP($F9,'계산용'!$A:$F,5,FALSE)&"","")) | J9: =IF($F9="","",IFERROR(VLOOKUP($F9,'계산용'!$A:$F,6,FALSE)&"","")) | K9: =IF($F9="","",IFERROR(VLOOKUP(G9,'계산용'!$N:$S,4,FALSE),0)+IFERROR(VLOOKUP(H9,'계산용'!$N:$S,4,FALSE),0)+IFERROR(VLOOKUP(I9,'계산용'!$N:$S,4,FALSE),0)) | L9: =IF($F9="","",IFERROR(VLOOKUP(G9,'계산용'!$N:$S,6,FALSE),0)+IFERROR(VLOOKUP(H9,'계산용'!$N:$S,6,FALSE),0)+IFERROR(VLOOKUP(I9,'계산용'!$N:$S,6,FALSE),0)) | M9: =IF($F9="","",K9-L9)
F10: =IF($B10="","",IF(OR($E10="자동",$E10=""),IF($D10="","",IFERROR(LOOKUP(VALUE($D10),'계산용'!$I$2:$I$40,'계산용'!$J$2:$J$40),"")),$E10)) | G10: =IF($F10="","",IFERROR(VLOOKUP($F10,'계산용'!$A:$F,3,FALSE)&"","")) | H10: =IF($F10="","",IFERROR(VLOOKUP($F10,'계산용'!$A:$F,4,FALSE)&"","")) | I10: =IF($F10="","",IFERROR(VLOOKUP($F10,'계산용'!$A:$F,5,FALSE)&"","")) | J10: =IF($F10="","",IFERROR(VLOOKUP($F10,'계산용'!$A:$F,6,FALSE)&"","")) | K10: =IF($F10="","",IFERROR(VLOOKUP(G10,'계산용'!$N:$S,4,FALSE),0)+IFERROR(VLOOKUP(H10,'계산용'!$N:$S,4,FALSE),0)+IFERROR(VLOOKUP(I10,'계산용'!$N:$S,4,FALSE),0)) | L10: =IF($F10="","",IFERROR(VLOOKUP(G10,'계산용'!$N:$S,6,FALSE),0)+IFERROR(VLOOKUP(H10,'계산용'!$N:$S,6,FALSE),0)+IFERROR(VLOOKUP(I10,'계산용'!$N:$S,6,FALSE),0)) | M10: =IF($F10="","",K10-L10)
F11: =IF($B11="","",IF(OR($E11="자동",$E11=""),IF($D11="","",IFERROR(LOOKUP(VALUE($D11),'계산용'!$I$2:$I$40,'계산용'!$J$2:$J$40),"")),$E11)) | G11: =IF($F11="","",IFERROR(VLOOKUP($F11,'계산용'!$A:$F,3,FALSE)&"","")) | H11: =IF($F11="","",IFERROR(VLOOKUP($F11,'계산용'!$A:$F,4,FALSE)&"","")) | I11: =IF($F11="","",IFERROR(VLOOKUP($F11,'계산용'!$A:$F,5,FALSE)&"","")) | J11: =IF($F11="","",IFERROR(VLOOKUP($F11,'계산용'!$A:$F,6,FALSE)&"","")) | K11: =IF($F11="","",IFERROR(VLOOKUP(G11,'계산용'!$N:$S,4,FALSE),0)+IFERROR(VLOOKUP(H11,'계산용'!$N:$S,4,FALSE),0)+IFERROR(VLOOKUP(I11,'계산용'!$N:$S,4,FALSE),0)) | L11: =IF($F11="","",IFERROR(VLOOKUP(G11,'계산용'!$N:$S,6,FALSE),0)+IFERROR(VLOOKUP(H11,'계산용'!$N:$S,6,FALSE),0)+IFERROR(VLOOKUP(I11,'계산용'!$N:$S,6,FALSE),0)) | M11: =IF($F11="","",K11-L11)
F12: =IF($B12="","",IF(OR($E12="자동",$E12=""),IF($D12="","",IFERROR(LOOKUP(VALUE($D12),'계산용'!$I$2:$I$40,'계산용'!$J$2:$J$40),"")),$E12)) | G12: =IF($F12="","",IFERROR(VLOOKUP($F12,'계산용'!$A:$F,3,FALSE)&"","")) | H12: =IF($F12="","",IFERROR(VLOOKUP($F12,'계산용'!$A:$F,4,FALSE)&"","")) | I12: =IF($F12="","",IFERROR(VLOOKUP($F12,'계산용'!$A:$F,5,FALSE)&"","")) | J12: =IF($F12="","",IFERROR(VLOOKUP($F12,'계산용'!$A:$F,6,FALSE)&"","")) | K12: =IF($F12="","",IFERROR(VLOOKUP(G12,'계산용'!$N:$S,4,FALSE),0)+IFERROR(VLOOKUP(H12,'계산용'!$N:$S,4,FALSE),0)+IFERROR(VLOOKUP(I12,'계산용'!$N:$S,4,FALSE),0)) | L12: =IF($F12="","",IFERROR(VLOOKUP(G12,'계산용'!$N:$S,6,FALSE),0)+IFERROR(VLOOKUP(H12,'계산용'!$N:$S,6,FALSE),0)+IFERROR(VLOOKUP(I12,'계산용'!$N:$S,6,FALSE),0)) | M12: =IF($F12="","",K12-L12)
F13: =IF($B13="","",IF(OR($E13="자동",$E13=""),IF($D13="","",IFERROR(LOOKUP(VALUE($D13),'계산용'!$I$2:$I$40,'계산용'!$J$2:$J$40),"")),$E13)) | G13: =IF($F13="","",IFERROR(VLOOKUP($F13,'계산용'!$A:$F,3,FALSE)&"","")) | H13: =IF($F13="","",IFERROR(VLOOKUP($F13,'계산용'!$A:$F,4,FALSE)&"","")) | I13: =IF($F13="","",IFERROR(VLOOKUP($F13,'계산용'!$A:$F,5,FALSE)&"","")) | J13: =IF($F13="","",IFERROR(VLOOKUP($F13,'계산용'!$A:$F,6,FALSE)&"","")) | K13: =IF($F13="","",IFERROR(VLOOKUP(G13,'계산용'!$N:$S,4,FALSE),0)+IFERROR(VLOOKUP(H13,'계산용'!$N:$S,4,FALSE),0)+IFERROR(VLOOKUP(I13,'계산용'!$N:$S,4,FALSE),0)) | L13: =IF($F13="","",IFERROR(VLOOKUP(G13,'계산용'!$N:$S,6,FALSE),0)+IFERROR(VLOOKUP(H13,'계산용'!$N:$S,6,FALSE),0)+IFERROR(VLOOKUP(I13,'계산용'!$N:$S,6,FALSE),0)) | M13: =IF($F13="","",K13-L13)
F14: =IF($B14="","",IF(OR($E14="자동",$E14=""),IF($D14="","",IFERROR(LOOKUP(VALUE($D14),'계산용'!$I$2:$I$40,'계산용'!$J$2:$J$40),"")),$E14)) | G14: =IF($F14="","",IFERROR(VLOOKUP($F14,'계산용'!$A:$F,3,FALSE)&"","")) | H14: =IF($F14="","",IFERROR(VLOOKUP($F14,'계산용'!$A:$F,4,FALSE)&"","")) | I14: =IF($F14="","",IFERROR(VLOOKUP($F14,'계산용'!$A:$F,5,FALSE)&"","")) | J14: =IF($F14="","",IFERROR(VLOOKUP($F14,'계산용'!$A:$F,6,FALSE)&"","")) | K14: =IF($F14="","",IFERROR(VLOOKUP(G14,'계산용'!$N:$S,4,FALSE),0)+IFERROR(VLOOKUP(H14,'계산용'!$N:$S,4,FALSE),0)+IFERROR(VLOOKUP(I14,'계산용'!$N:$S,4,FALSE),0)) | L14: =IF($F14="","",IFERROR(VLOOKUP(G14,'계산용'!$N:$S,6,FALSE),0)+IFERROR(VLOOKUP(H14,'계산용'!$N:$S,6,FALSE),0)+IFERROR(VLOOKUP(I14,'계산용'!$N:$S,6,FALSE),0)) | M14: =IF($F14="","",K14-L14)
F15: =IF($B15="","",IF(OR($E15="자동",$E15=""),IF($D15="","",IFERROR(LOOKUP(VALUE($D15),'계산용'!$I$2:$I$40,'계산용'!$J$2:$J$40),"")),$E15)) | G15: =IF($F15="","",IFERROR(VLOOKUP($F15,'계산용'!$A:$F,3,FALSE)&"","")) | H15: =IF($F15="","",IFERROR(VLOOKUP($F15,'계산용'!$A:$F,4,FALSE)&"","")) | I15: =IF($F15="","",IFERROR(VLOOKUP($F15,'계산용'!$A:$F,5,FALSE)&"","")) | J15: =IF($F15="","",IFERROR(VLOOKUP($F15,'계산용'!$A:$F,6,FALSE)&"","")) | K15: =IF($F15="","",IFERROR(VLOOKUP(G15,'계산용'!$N:$S,4,FALSE),0)+IFERROR(VLOOKUP(H15,'계산용'!$N:$S,4,FALSE),0)+IFERROR(VLOOKUP(I15,'계산용'!$N:$S,4,FALSE),0)) | L15: =IF($F15="","",IFERROR(VLOOKUP(G15,'계산용'!$N:$S,6,FALSE),0)+IFERROR(VLOOKUP(H15,'계산용'!$N:$S,6,FALSE),0)+IFERROR(VLOOKUP(I15,'계산용'!$N:$S,6,FALSE),0)) | M15: =IF($F15="","",K15-L15)
F16: =IF($B16="","",IF(OR($E16="자동",$E16=""),IF($D16="","",IFERROR(LOOKUP(VALUE($D16),'계산용'!$I$2:$I$40,'계산용'!$J$2:$J$40),"")),$E16)) | G16: =IF($F16="","",IFERROR(VLOOKUP($F16,'계산용'!$A:$F,3,FALSE)&"","")) | H16: =IF($F16="","",IFERROR(VLOOKUP($F16,'계산용'!$A:$F,4,FALSE)&"","")) | I16: =IF($F16="","",IFERROR(VLOOKUP($F16,'계산용'!$A:$F,5,FALSE)&"","")) | J16: =IF($F16="","",IFERROR(VLOOKUP($F16,'계산용'!$A:$F,6,FALSE)&"","")) | K16: =IF($F16="","",IFERROR(VLOOKUP(G16,'계산용'!$N:$S,4,FALSE),0)+IFERROR(VLOOKUP(H16,'계산용'!$N:$S,4,FALSE),0)+IFERROR(VLOOKUP(I16,'계산용'!$N:$S,4,FALSE),0)) | L16: =IF($F16="","",IFERROR(VLOOKUP(G16,'계산용'!$N:$S,6,FALSE),0)+IFERROR(VLOOKUP(H16,'계산용'!$N:$S,6,FALSE),0)+IFERROR(VLOOKUP(I16,'계산용'!$N:$S,6,FALSE),0)) | M16: =IF($F16="","",K16-L16)
... F1000: =IF($B1000="","",IF(OR($E1000="자동",$E1000=""),IF($D1000="","",IFERROR(LOOKUP(VALUE($D1000),'계산용'!$I$2:$I$40,'계산용'!$J$2:$J$40),"")),$E1000)) | G1000: =IF($F1000="","",IFERROR(VLOOKUP($F1000,'계산용'!$A:$F,3,FALSE)&"","")) | H1000: =IF($F1000="","",IFERROR(VLOOKUP($F1000,'계산용'!$A:$F,4,FALSE)&"","")) | I1000: =IF($F1000="","",IFERROR(VLOOKUP($F1000,'계산용'!$A:$F,5,FALSE)&"","")) | J1000: =IF($F1000="","",IFERROR(VLOOKUP($F1000,'계산용'!$A:$F,6,FALSE)&"","")) | K1000: =IF($F1000="","",IFERROR(VLOOKUP(G1000,'계산용'!$N:$S,4,FALSE),0)+IFERROR(VLOOKUP(H1000,'계산용'!$N:$S,4,FALSE),0)+IFERROR(VLOOKUP(I1000,'계산용'!$N:$S,4,FALSE),0)) | L1000: =IF($F1000="","",IFERROR(VLOOKUP(G1000,'계산용'!$N:$S,6,FALSE),0)+IFERROR(VLOOKUP(H1000,'계산용'!$N:$S,6,FALSE),0)+IFERROR(VLOOKUP(I1000,'계산용'!$N:$S,6,FALSE),0)) | M1000: =IF($F1000="","",K1000-L1000)

Sheet 일정
A1: 파티 | B1: 구간 | C1: 레이드 | D1: 요일 | E1: 시각 | F1: 캐릭터
A2: 1 | B2: 1730+ | C2: 종막 하드 | D2: 수 | E2: 21:00 | F2: 로워붕, 로소서, 로권왕
A3: 1 | B3: 1730+ | C3: 지평의 성당 2단계 | D3: 수 | E3: 22:00 | F3: 로워붕, 로소서, 로권왕
A4: 1 | B4: 1730+ | C4: 세르카 하드 | D4: 목 | E4: 21:00 | F4: 로워붕, 로소서, 로권왕
A5: 2 | B5: 1750+ | C5: 벨가르딘 노말 | D5: 금 | E5: 21:00 | F5: 로워붕, 로소서
A6: 2 | B6: 1750+ | C6: 세르카 나이트메어 | D6: 금 | E6: 22:00 | F6: 로워붕, 로소서

Sheet 레이드 이름
A1: 레이드 | B1: 입장 레벨 | C1: 인원
A2: 벨가르딘 나이트메어 | B2: 1780 | C2: 8
A3: 벨가르딘 하드 | B3: 1770 | C3: 8
A4: 벨가르딘 노말 | B4: 1750 | C4: 8
A5: 지평의 성당 3단계 | B5: 1750 | C5: 4
A6: 세르카 나이트메어 | B6: 1740 | C6: 4
A7: 세르카 하드 | B7: 1730 | C7: 4
A8: 종막 하드 | B8: 1730 | C8: 8
A9: 지평의 성당 2단계 | B9: 1720 | C9: 4
A10: 4막 하드 | B10: 1720 | C10: 8
A11: 세르카 노말 | B11: 1710 | C11: 4
A12: 종막 노말 | B12: 1710 | C12: 8
A13: 지평의 성당 1단계 | B13: 1700 | C13: 4
... A22: 베히모스 | B22: 1640 | C22: 16

Sheet 계산용
A1: 구간 | B1: 최소 레벨 | C1: 레이드1 | D1: 레이드2 | E1: 레이드3 | F1: 골드X | I1: 자동 최소 레벨 | J1: 자동 구간 | L1: 선택지 | N1: 레이드 | O1: 입장 레벨 | P1: 인원 | Q1: 골드 | R1: 귀속 | S1: 더보기
A2: 1780+ | B2: 1780 | C2: 벨가르딘 나이트메어 | D2: 지평의 성당 3단계 | E2: 세르카 나이트메어 | I2: 1710 | J2: 1710+ | L2: 자동 | N2: 벨가르딘 나이트메어 | O2: 1780 | P2: 8 | Q2: 75000 | R2: 0 | S2: 24000
A3: 1770+ | B3: 1770 | C3: 벨가르딘 하드 | D3: 지평의 성당 3단계 | E3: 세르카 나이트메어 | I3: 1720 | J3: 1720+ | L3: 1780+ | N3: 벨가르딘 하드 | O3: 1770 | P3: 8 | Q3: 62000 | R3: 0 | S3: 19840
A4: 1780+_2 | B4: 1770 | C4: 벨가르딘 하드 | D4: 지평의 성당 3단계 | E4: 세르카 나이트메어 | I4: 1730 | J4: 1730+ | L4: 1770+ | N4: 벨가르딘 노말 | O4: 1750 | P4: 8 | Q4: 50000 | R4: 0 | S4: 16000
A5: 1750+ | B5: 1750 | C5: 벨가르딘 노말 | D5: 지평의 성당 3단계 | E5: 세르카 나이트메어 | I5: 1750 | J5: 1750+ | L5: 1780+_2 | N5: 지평의 성당 3단계 | O5: 1750 | P5: 4 | Q5: 50000 | R5: 50000 | S5: 16000
A6: 1750+_2 | B6: 1750 | C6: 벨가르딘 노말 | D6: 지평의 성당 3단계 | E6: 세르카 나이트메어 | F6: 4막 하드 | I6: 1770 | J6: 1770+ | L6: 1750+ | N6: 세르카 나이트메어 | O6: 1740 | P6: 4 | Q6: 54000 | R6: 0 | S6: 17280
A7: 1750+_3 | B7: 1750 | C7: 벨가르딘 노말 | D7: 지평의 성당 3단계 | E7: 세르카 하드 | I7: 1780 | J7: 1780+ | L7: 1750+_2 | N7: 세르카 하드 | O7: 1730 | P7: 4 | Q7: 44000 | R7: 0 | S7: 14080
A8: 1730+ | B8: 1730 | C8: 종막 하드 | D8: 지평의 성당 2단계 | E8: 세르카 하드 | L8: 1750+_3 | N8: 종막 하드 | O8: 1730 | P8: 8 | Q8: 48000 | R8: 0 | S8: 15360
A9: 1730+_2 | B9: 1730 | C9: 종막 하드 | D9: 세르카 하드 | E9: 4막 하드 | F9: 지평의 성당 2단계 | L9: 1730+ | N9: 지평의 성당 2단계 | O9: 1720 | P9: 4 | Q9: 40000 | R9: 40000 | S9: 12800
A10: 1730+_3 | B10: 1730 | C10: 종막 하드 | D10: 지평의 성당 2단계 | E10: 세르카 하드 | F10: 4막 하드 | L10: 1730+_2 | N10: 4막 하드 | O10: 1720 | P10: 8 | Q10: 38000 | R10: 0 | S10: 12160
A11: 1720+ | B11: 1720 | C11: 종막 노말 | D11: 지평의 성당 2단계 | E11: 4막 하드 | L11: 1730+_3 | N11: 세르카 노말 | O11: 1710 | P11: 4 | Q11: 32000 | R11: 16000 | S11: 10240
A12: 1720+_2 | B12: 1720 | C12: 종막 노말 | D12: 지평의 성당 2단계 | E12: 4막 하드 | F12: 세르카 노말 | L12: 1720+ | N12: 종막 노말 | O12: 1710 | P12: 8 | Q12: 32000 | R12: 16000 | S12: 10240
A13: 1720+_3 | B13: 1720 | C13: 종막 노말 | D13: 세르카 노말 | E13: 4막 하드 | L13: 1720+_2 | N13: 지평의 성당 1단계 | O13: 1700 | P13: 4 | Q13: 30000 | R13: 30000 | S13: 9600
A14: 1710+ | B14: 1710 | C14: 종막 노말 | D14: 지평의 성당 1단계 | E14: 세르카 노말 | L14: 1720+_3 | N14: 4막 노말 | O14: 1700 | P14: 8 | Q14: 27000 | R14: 13500 | S14: 8640
A15: 1710+_2 | B15: 1710 | C15: 종막 노말 | D15: 세르카 노말 | E15: 4막 노말 | L15: 1710+ | N15: 3막 하드 | O15: 1700 | P15: 8 | Q15: 27000 | R15: 13500 | S15: 8350
L16: 1710+_2 | N16: 2막 하드 | O16: 1690 | P16: 8 | Q16: 23000 | R16: 11500 | S16: 7500
N17: 3막 노말 | O17: 1680 | P17: 8 | Q17: 21000 | R17: 10500 | S17: 7010
N18: 1막 하드 | O18: 1680 | P18: 8 | Q18: 18000 | R18: 9000 | S18: 5970
N19: 2막 노말 | O19: 1670 | P19: 8 | Q19: 16500 | R19: 8250 | S19: 5540
N20: 1막 노말 | O20: 1660 | P20: 8 | Q20: 11500 | R20: 5750 | S20: 2530
N21: 서막 에키드나 | O21: 1640 | P21: 8 | Q21: 7200 | R21: 3600 | S21: 2350
N22: 베히모스 | O22: 1640 | P22: 16 | Q22: 7200 | R22: 3600 | S22: 2350
